window,lag_lo_s,lag_hi_s,slope,intercept
short,4,30,1.8220570789844879,0.42806708257438963
long,100,550,1.1950834984805012,1.631471559717066
