N_turns,Rbar,kappa
1493,0.8373307104488564,3.429421385833361
